{"accuracy": [0.5651753544807434, 0.8513834476470947, 0.9096237421035767, 0.9368945360183716, 0.9532114863395691, 0.9641510844230652, 0.9717618823051453, 0.9760153889656067, 0.9788178205490112, 0.98268723487854], "loss": [1.4838286638259888, 0.4692329466342926, 0.27941378951072693, 0.19331400096416473, 0.13996349275112152, 0.10964343696832657, 0.08559242635965347, 0.07382399588823318, 0.06462373584508896, 0.054822709411382675], "val_accuracy": [0.8391190767288208, 0.8938652276992798, 0.9304006099700928, 0.9225472211837769, 0.9487252235412598, 0.954245388507843, 0.960050106048584, 0.9554973840713501, 0.9554973840713501, 0.9512292146682739], "val_loss": [0.5213591456413269, 0.32870203256607056, 0.2181965857744217, 0.23679189383983612, 0.15463575720787048, 0.14271695911884308, 0.13441699743270874, 0.15151742100715637, 0.14319004118442535, 0.16953158378601074]}